Image,Extracted_Text,Topic
doc1.png,"This document discusses various aspects of Science & Research, including latest trends, research, and case studies.",Science & Research
doc2.png,"This document discusses various aspects of Legal & Policy, including latest trends, research, and case studies.",Legal & Policy
doc3.png,"This document discusses various aspects of Medical & Health, including latest trends, research, and case studies.",Medical & Health
doc4.png,"This document discusses various aspects of Technology & Engineering, including latest trends, research, and case studies.",Technology & Engineering
doc5.png,"This document discusses various aspects of Education & Academia, including latest trends, research, and case studies.",Education & Academia
doc6.png,"This document discusses various aspects of Government & Regulations, including latest trends, research, and case studies.",Government & Regulations
doc7.png,"This document discusses various aspects of Marketing & Sales, including latest trends, research, and case studies.",Marketing & Sales
doc8.png,"This document discusses various aspects of Manufacturing & Industry, including latest trends, research, and case studies.",Manufacturing & Industry
doc9.png,"This document discusses various aspects of Entertainment & Media, including latest trends, research, and case studies.",Entertainment & Media
doc10.png,"This document discusses various aspects of Business & Finance, including latest trends, research, and case studies.",Business & Finance
doc11.png,"This document discusses various aspects of Science & Research, including latest trends, research, and case studies.",Science & Research
doc12.png,"This document discusses various aspects of Legal & Policy, including latest trends, research, and case studies.",Legal & Policy
doc13.png,"This document discusses various aspects of Medical & Health, including latest trends, research, and case studies.",Medical & Health
doc14.png,"This document discusses various aspects of Technology & Engineering, including latest trends, research, and case studies.",Technology & Engineering
doc15.png,"This document discusses various aspects of Education & Academia, including latest trends, research, and case studies.",Education & Academia
doc16.png,"This document discusses various aspects of Government & Regulations, including latest trends, research, and case studies.",Government & Regulations
doc17.png,"This document discusses various aspects of Marketing & Sales, including latest trends, research, and case studies.",Marketing & Sales
doc18.png,"This document discusses various aspects of Manufacturing & Industry, including latest trends, research, and case studies.",Manufacturing & Industry
doc19.png,"This document discusses various aspects of Entertainment & Media, including latest trends, research, and case studies.",Entertainment & Media
doc20.png,"This document discusses various aspects of Business & Finance, including latest trends, research, and case studies.",Business & Finance
doc21.png,"This document discusses various aspects of Science & Research, including latest trends, research, and case studies.",Science & Research
doc22.png,"This document discusses various aspects of Legal & Policy, including latest trends, research, and case studies.",Legal & Policy
doc23.png,"This document discusses various aspects of Medical & Health, including latest trends, research, and case studies.",Medical & Health
doc24.png,"This document discusses various aspects of Technology & Engineering, including latest trends, research, and case studies.",Technology & Engineering
doc25.png,"This document discusses various aspects of Education & Academia, including latest trends, research, and case studies.",Education & Academia
doc26.png,"This document discusses various aspects of Government & Regulations, including latest trends, research, and case studies.",Government & Regulations
doc27.png,"This document discusses various aspects of Marketing & Sales, including latest trends, research, and case studies.",Marketing & Sales
doc28.png,"This document discusses various aspects of Manufacturing & Industry, including latest trends, research, and case studies.",Manufacturing & Industry
doc29.png,"This document discusses various aspects of Entertainment & Media, including latest trends, research, and case studies.",Entertainment & Media
doc30.png,"This document discusses various aspects of Business & Finance, including latest trends, research, and case studies.",Business & Finance
doc31.png,"This document discusses various aspects of Science & Research, including latest trends, research, and case studies.",Science & Research
doc32.png,"This document discusses various aspects of Legal & Policy, including latest trends, research, and case studies.",Legal & Policy
doc33.png,"This document discusses various aspects of Medical & Health, including latest trends, research, and case studies.",Medical & Health
doc34.png,"This document discusses various aspects of Technology & Engineering, including latest trends, research, and case studies.",Technology & Engineering
doc35.png,"This document discusses various aspects of Education & Academia, including latest trends, research, and case studies.",Education & Academia
doc36.png,"This document discusses various aspects of Government & Regulations, including latest trends, research, and case studies.",Government & Regulations
doc37.png,"This document discusses various aspects of Marketing & Sales, including latest trends, research, and case studies.",Marketing & Sales
doc38.png,"This document discusses various aspects of Manufacturing & Industry, including latest trends, research, and case studies.",Manufacturing & Industry
doc39.png,"This document discusses various aspects of Entertainment & Media, including latest trends, research, and case studies.",Entertainment & Media
doc40.png,"This document discusses various aspects of Business & Finance, including latest trends, research, and case studies.",Business & Finance
doc41.png,"This document discusses various aspects of Science & Research, including latest trends, research, and case studies.",Science & Research
doc42.png,"This document discusses various aspects of Legal & Policy, including latest trends, research, and case studies.",Legal & Policy
doc43.png,"This document discusses various aspects of Medical & Health, including latest trends, research, and case studies.",Medical & Health
doc44.png,"This document discusses various aspects of Technology & Engineering, including latest trends, research, and case studies.",Technology & Engineering
doc45.png,"This document discusses various aspects of Education & Academia, including latest trends, research, and case studies.",Education & Academia
doc46.png,"This document discusses various aspects of Government & Regulations, including latest trends, research, and case studies.",Government & Regulations
doc47.png,"This document discusses various aspects of Marketing & Sales, including latest trends, research, and case studies.",Marketing & Sales
doc48.png,"This document discusses various aspects of Manufacturing & Industry, including latest trends, research, and case studies.",Manufacturing & Industry
doc49.png,"This document discusses various aspects of Entertainment & Media, including latest trends, research, and case studies.",Entertainment & Media
doc50.png,"This document discusses various aspects of Business & Finance, including latest trends, research, and case studies.",Business & Finance
doc51.png,"This document discusses various aspects of Science & Research, including latest trends, research, and case studies.",Science & Research
doc52.png,"This document discusses various aspects of Legal & Policy, including latest trends, research, and case studies.",Legal & Policy
doc53.png,"This document discusses various aspects of Medical & Health, including latest trends, research, and case studies.",Medical & Health
doc54.png,"This document discusses various aspects of Technology & Engineering, including latest trends, research, and case studies.",Technology & Engineering
doc55.png,"This document discusses various aspects of Education & Academia, including latest trends, research, and case studies.",Education & Academia
doc56.png,"This document discusses various aspects of Government & Regulations, including latest trends, research, and case studies.",Government & Regulations
doc57.png,"This document discusses various aspects of Marketing & Sales, including latest trends, research, and case studies.",Marketing & Sales
doc58.png,"This document discusses various aspects of Manufacturing & Industry, including latest trends, research, and case studies.",Manufacturing & Industry
doc59.png,"This document discusses various aspects of Entertainment & Media, including latest trends, research, and case studies.",Entertainment & Media
doc60.png,"This document discusses various aspects of Business & Finance, including latest trends, research, and case studies.",Business & Finance
doc61.png,"This document discusses various aspects of Science & Research, including latest trends, research, and case studies.",Science & Research
doc62.png,"This document discusses various aspects of Legal & Policy, including latest trends, research, and case studies.",Legal & Policy
doc63.png,"This document discusses various aspects of Medical & Health, including latest trends, research, and case studies.",Medical & Health
doc64.png,"This document discusses various aspects of Technology & Engineering, including latest trends, research, and case studies.",Technology & Engineering
doc65.png,"This document discusses various aspects of Education & Academia, including latest trends, research, and case studies.",Education & Academia
doc66.png,"This document discusses various aspects of Government & Regulations, including latest trends, research, and case studies.",Government & Regulations
doc67.png,"This document discusses various aspects of Marketing & Sales, including latest trends, research, and case studies.",Marketing & Sales
doc68.png,"This document discusses various aspects of Manufacturing & Industry, including latest trends, research, and case studies.",Manufacturing & Industry
doc69.png,"This document discusses various aspects of Entertainment & Media, including latest trends, research, and case studies.",Entertainment & Media
doc70.png,"This document discusses various aspects of Business & Finance, including latest trends, research, and case studies.",Business & Finance
doc71.png,"This document discusses various aspects of Science & Research, including latest trends, research, and case studies.",Science & Research
doc72.png,"This document discusses various aspects of Legal & Policy, including latest trends, research, and case studies.",Legal & Policy
doc73.png,"This document discusses various aspects of Medical & Health, including latest trends, research, and case studies.",Medical & Health
doc74.png,"This document discusses various aspects of Technology & Engineering, including latest trends, research, and case studies.",Technology & Engineering
doc75.png,"This document discusses various aspects of Education & Academia, including latest trends, research, and case studies.",Education & Academia
doc76.png,"This document discusses various aspects of Government & Regulations, including latest trends, research, and case studies.",Government & Regulations
doc77.png,"This document discusses various aspects of Marketing & Sales, including latest trends, research, and case studies.",Marketing & Sales
doc78.png,"This document discusses various aspects of Manufacturing & Industry, including latest trends, research, and case studies.",Manufacturing & Industry
doc79.png,"This document discusses various aspects of Entertainment & Media, including latest trends, research, and case studies.",Entertainment & Media
doc80.png,"This document discusses various aspects of Business & Finance, including latest trends, research, and case studies.",Business & Finance
doc81.png,"This document discusses various aspects of Science & Research, including latest trends, research, and case studies.",Science & Research
doc82.png,"This document discusses various aspects of Legal & Policy, including latest trends, research, and case studies.",Legal & Policy
doc83.png,"This document discusses various aspects of Medical & Health, including latest trends, research, and case studies.",Medical & Health
doc84.png,"This document discusses various aspects of Technology & Engineering, including latest trends, research, and case studies.",Technology & Engineering
doc85.png,"This document discusses various aspects of Education & Academia, including latest trends, research, and case studies.",Education & Academia
doc86.png,"This document discusses various aspects of Government & Regulations, including latest trends, research, and case studies.",Government & Regulations
doc87.png,"This document discusses various aspects of Marketing & Sales, including latest trends, research, and case studies.",Marketing & Sales
doc88.png,"This document discusses various aspects of Manufacturing & Industry, including latest trends, research, and case studies.",Manufacturing & Industry
doc89.png,"This document discusses various aspects of Entertainment & Media, including latest trends, research, and case studies.",Entertainment & Media
doc90.png,"This document discusses various aspects of Business & Finance, including latest trends, research, and case studies.",Business & Finance
doc91.png,"This document discusses various aspects of Science & Research, including latest trends, research, and case studies.",Science & Research
doc92.png,"This document discusses various aspects of Legal & Policy, including latest trends, research, and case studies.",Legal & Policy
doc93.png,"This document discusses various aspects of Medical & Health, including latest trends, research, and case studies.",Medical & Health
doc94.png,"This document discusses various aspects of Technology & Engineering, including latest trends, research, and case studies.",Technology & Engineering
doc95.png,"This document discusses various aspects of Education & Academia, including latest trends, research, and case studies.",Education & Academia
doc96.png,"This document discusses various aspects of Government & Regulations, including latest trends, research, and case studies.",Government & Regulations
doc97.png,"This document discusses various aspects of Marketing & Sales, including latest trends, research, and case studies.",Marketing & Sales
doc98.png,"This document discusses various aspects of Manufacturing & Industry, including latest trends, research, and case studies.",Manufacturing & Industry
doc99.png,"This document discusses various aspects of Entertainment & Media, including latest trends, research, and case studies.",Entertainment & Media
doc100.png,"This document discusses various aspects of Business & Finance, including latest trends, research, and case studies.",Business & Finance
doc101.png,"This document discusses various aspects of Science & Research, including latest trends, research, and case studies.",Science & Research
doc102.png,"This document discusses various aspects of Legal & Policy, including latest trends, research, and case studies.",Legal & Policy
doc103.png,"This document discusses various aspects of Medical & Health, including latest trends, research, and case studies.",Medical & Health
doc104.png,"This document discusses various aspects of Technology & Engineering, including latest trends, research, and case studies.",Technology & Engineering
doc105.png,"This document discusses various aspects of Education & Academia, including latest trends, research, and case studies.",Education & Academia
doc106.png,"This document discusses various aspects of Government & Regulations, including latest trends, research, and case studies.",Government & Regulations
doc107.png,"This document discusses various aspects of Marketing & Sales, including latest trends, research, and case studies.",Marketing & Sales
doc108.png,"This document discusses various aspects of Manufacturing & Industry, including latest trends, research, and case studies.",Manufacturing & Industry
doc109.png,"This document discusses various aspects of Entertainment & Media, including latest trends, research, and case studies.",Entertainment & Media
doc110.png,"This document discusses various aspects of Business & Finance, including latest trends, research, and case studies.",Business & Finance
doc111.png,"This document discusses various aspects of Science & Research, including latest trends, research, and case studies.",Science & Research
doc112.png,"This document discusses various aspects of Legal & Policy, including latest trends, research, and case studies.",Legal & Policy
doc113.png,"This document discusses various aspects of Medical & Health, including latest trends, research, and case studies.",Medical & Health
doc114.png,"This document discusses various aspects of Technology & Engineering, including latest trends, research, and case studies.",Technology & Engineering
doc115.png,"This document discusses various aspects of Education & Academia, including latest trends, research, and case studies.",Education & Academia
doc116.png,"This document discusses various aspects of Government & Regulations, including latest trends, research, and case studies.",Government & Regulations
doc117.png,"This document discusses various aspects of Marketing & Sales, including latest trends, research, and case studies.",Marketing & Sales
doc118.png,"This document discusses various aspects of Manufacturing & Industry, including latest trends, research, and case studies.",Manufacturing & Industry
doc119.png,"This document discusses various aspects of Entertainment & Media, including latest trends, research, and case studies.",Entertainment & Media
doc120.png,"This document discusses various aspects of Business & Finance, including latest trends, research, and case studies.",Business & Finance
doc121.png,"This document discusses various aspects of Science & Research, including latest trends, research, and case studies.",Science & Research
doc122.png,"This document discusses various aspects of Legal & Policy, including latest trends, research, and case studies.",Legal & Policy
doc123.png,"This document discusses various aspects of Medical & Health, including latest trends, research, and case studies.",Medical & Health
doc124.png,"This document discusses various aspects of Technology & Engineering, including latest trends, research, and case studies.",Technology & Engineering
doc125.png,"This document discusses various aspects of Education & Academia, including latest trends, research, and case studies.",Education & Academia
doc126.png,"This document discusses various aspects of Government & Regulations, including latest trends, research, and case studies.",Government & Regulations
doc127.png,"This document discusses various aspects of Marketing & Sales, including latest trends, research, and case studies.",Marketing & Sales
doc128.png,"This document discusses various aspects of Manufacturing & Industry, including latest trends, research, and case studies.",Manufacturing & Industry
doc129.png,"This document discusses various aspects of Entertainment & Media, including latest trends, research, and case studies.",Entertainment & Media
doc130.png,"This document discusses various aspects of Business & Finance, including latest trends, research, and case studies.",Business & Finance
doc131.png,"This document discusses various aspects of Science & Research, including latest trends, research, and case studies.",Science & Research
doc132.png,"This document discusses various aspects of Legal & Policy, including latest trends, research, and case studies.",Legal & Policy
doc133.png,"This document discusses various aspects of Medical & Health, including latest trends, research, and case studies.",Medical & Health
doc134.png,"This document discusses various aspects of Technology & Engineering, including latest trends, research, and case studies.",Technology & Engineering
doc135.png,"This document discusses various aspects of Education & Academia, including latest trends, research, and case studies.",Education & Academia
doc136.png,"This document discusses various aspects of Government & Regulations, including latest trends, research, and case studies.",Government & Regulations
doc137.png,"This document discusses various aspects of Marketing & Sales, including latest trends, research, and case studies.",Marketing & Sales
doc138.png,"This document discusses various aspects of Manufacturing & Industry, including latest trends, research, and case studies.",Manufacturing & Industry
doc139.png,"This document discusses various aspects of Entertainment & Media, including latest trends, research, and case studies.",Entertainment & Media
doc140.png,"This document discusses various aspects of Business & Finance, including latest trends, research, and case studies.",Business & Finance
doc141.png,"This document discusses various aspects of Science & Research, including latest trends, research, and case studies.",Science & Research
doc142.png,"This document discusses various aspects of Legal & Policy, including latest trends, research, and case studies.",Legal & Policy
doc143.png,"This document discusses various aspects of Medical & Health, including latest trends, research, and case studies.",Medical & Health
doc144.png,"This document discusses various aspects of Technology & Engineering, including latest trends, research, and case studies.",Technology & Engineering
doc145.png,"This document discusses various aspects of Education & Academia, including latest trends, research, and case studies.",Education & Academia
doc146.png,"This document discusses various aspects of Government & Regulations, including latest trends, research, and case studies.",Government & Regulations
doc147.png,"This document discusses various aspects of Marketing & Sales, including latest trends, research, and case studies.",Marketing & Sales
doc148.png,"This document discusses various aspects of Manufacturing & Industry, including latest trends, research, and case studies.",Manufacturing & Industry
doc149.png,"This document discusses various aspects of Entertainment & Media, including latest trends, research, and case studies.",Entertainment & Media
doc150.png,"This document discusses various aspects of Business & Finance, including latest trends, research, and case studies.",Business & Finance
doc151.png,"This document discusses various aspects of Science & Research, including latest trends, research, and case studies.",Science & Research
doc152.png,"This document discusses various aspects of Legal & Policy, including latest trends, research, and case studies.",Legal & Policy
doc153.png,"This document discusses various aspects of Medical & Health, including latest trends, research, and case studies.",Medical & Health
doc154.png,"This document discusses various aspects of Technology & Engineering, including latest trends, research, and case studies.",Technology & Engineering
doc155.png,"This document discusses various aspects of Education & Academia, including latest trends, research, and case studies.",Education & Academia
doc156.png,"This document discusses various aspects of Government & Regulations, including latest trends, research, and case studies.",Government & Regulations
doc157.png,"This document discusses various aspects of Marketing & Sales, including latest trends, research, and case studies.",Marketing & Sales
doc158.png,"This document discusses various aspects of Manufacturing & Industry, including latest trends, research, and case studies.",Manufacturing & Industry
doc159.png,"This document discusses various aspects of Entertainment & Media, including latest trends, research, and case studies.",Entertainment & Media
doc160.png,"This document discusses various aspects of Business & Finance, including latest trends, research, and case studies.",Business & Finance
doc161.png,"This document discusses various aspects of Science & Research, including latest trends, research, and case studies.",Science & Research
doc162.png,"This document discusses various aspects of Legal & Policy, including latest trends, research, and case studies.",Legal & Policy
doc163.png,"This document discusses various aspects of Medical & Health, including latest trends, research, and case studies.",Medical & Health
doc164.png,"This document discusses various aspects of Technology & Engineering, including latest trends, research, and case studies.",Technology & Engineering
doc165.png,"This document discusses various aspects of Education & Academia, including latest trends, research, and case studies.",Education & Academia
doc166.png,"This document discusses various aspects of Government & Regulations, including latest trends, research, and case studies.",Government & Regulations
doc167.png,"This document discusses various aspects of Marketing & Sales, including latest trends, research, and case studies.",Marketing & Sales
doc168.png,"This document discusses various aspects of Manufacturing & Industry, including latest trends, research, and case studies.",Manufacturing & Industry
doc169.png,"This document discusses various aspects of Entertainment & Media, including latest trends, research, and case studies.",Entertainment & Media
doc170.png,"This document discusses various aspects of Business & Finance, including latest trends, research, and case studies.",Business & Finance
doc171.png,"This document discusses various aspects of Science & Research, including latest trends, research, and case studies.",Science & Research
doc172.png,"This document discusses various aspects of Legal & Policy, including latest trends, research, and case studies.",Legal & Policy
doc173.png,"This document discusses various aspects of Medical & Health, including latest trends, research, and case studies.",Medical & Health
doc174.png,"This document discusses various aspects of Technology & Engineering, including latest trends, research, and case studies.",Technology & Engineering
doc175.png,"This document discusses various aspects of Education & Academia, including latest trends, research, and case studies.",Education & Academia
doc176.png,"This document discusses various aspects of Government & Regulations, including latest trends, research, and case studies.",Government & Regulations
doc177.png,"This document discusses various aspects of Marketing & Sales, including latest trends, research, and case studies.",Marketing & Sales
doc178.png,"This document discusses various aspects of Manufacturing & Industry, including latest trends, research, and case studies.",Manufacturing & Industry
doc179.png,"This document discusses various aspects of Entertainment & Media, including latest trends, research, and case studies.",Entertainment & Media
doc180.png,"This document discusses various aspects of Business & Finance, including latest trends, research, and case studies.",Business & Finance
doc181.png,"This document discusses various aspects of Science & Research, including latest trends, research, and case studies.",Science & Research
doc182.png,"This document discusses various aspects of Legal & Policy, including latest trends, research, and case studies.",Legal & Policy
doc183.png,"This document discusses various aspects of Medical & Health, including latest trends, research, and case studies.",Medical & Health
doc184.png,"This document discusses various aspects of Technology & Engineering, including latest trends, research, and case studies.",Technology & Engineering
doc185.png,"This document discusses various aspects of Education & Academia, including latest trends, research, and case studies.",Education & Academia
doc186.png,"This document discusses various aspects of Government & Regulations, including latest trends, research, and case studies.",Government & Regulations
doc187.png,"This document discusses various aspects of Marketing & Sales, including latest trends, research, and case studies.",Marketing & Sales
doc188.png,"This document discusses various aspects of Manufacturing & Industry, including latest trends, research, and case studies.",Manufacturing & Industry
doc189.png,"This document discusses various aspects of Entertainment & Media, including latest trends, research, and case studies.",Entertainment & Media
doc190.png,"This document discusses various aspects of Business & Finance, including latest trends, research, and case studies.",Business & Finance
doc191.png,"This document discusses various aspects of Science & Research, including latest trends, research, and case studies.",Science & Research
doc192.png,"This document discusses various aspects of Legal & Policy, including latest trends, research, and case studies.",Legal & Policy
doc193.png,"This document discusses various aspects of Medical & Health, including latest trends, research, and case studies.",Medical & Health
doc194.png,"This document discusses various aspects of Technology & Engineering, including latest trends, research, and case studies.",Technology & Engineering
doc195.png,"This document discusses various aspects of Education & Academia, including latest trends, research, and case studies.",Education & Academia
doc196.png,"This document discusses various aspects of Government & Regulations, including latest trends, research, and case studies.",Government & Regulations
doc197.png,"This document discusses various aspects of Marketing & Sales, including latest trends, research, and case studies.",Marketing & Sales
doc198.png,"This document discusses various aspects of Manufacturing & Industry, including latest trends, research, and case studies.",Manufacturing & Industry
doc199.png,"This document discusses various aspects of Entertainment & Media, including latest trends, research, and case studies.",Entertainment & Media
doc200.png,"This document discusses various aspects of Business & Finance, including latest trends, research, and case studies.",Business & Finance
doc201.png,"This document discusses various aspects of Science & Research, including latest trends, research, and case studies.",Science & Research
doc202.png,"This document discusses various aspects of Legal & Policy, including latest trends, research, and case studies.",Legal & Policy
doc203.png,"This document discusses various aspects of Medical & Health, including latest trends, research, and case studies.",Medical & Health
doc204.png,"This document discusses various aspects of Technology & Engineering, including latest trends, research, and case studies.",Technology & Engineering
doc205.png,"This document discusses various aspects of Education & Academia, including latest trends, research, and case studies.",Education & Academia
doc206.png,"This document discusses various aspects of Government & Regulations, including latest trends, research, and case studies.",Government & Regulations
doc207.png,"This document discusses various aspects of Marketing & Sales, including latest trends, research, and case studies.",Marketing & Sales
doc208.png,"This document discusses various aspects of Manufacturing & Industry, including latest trends, research, and case studies.",Manufacturing & Industry
doc209.png,"This document discusses various aspects of Entertainment & Media, including latest trends, research, and case studies.",Entertainment & Media
doc210.png,"This document discusses various aspects of Business & Finance, including latest trends, research, and case studies.",Business & Finance
doc211.png,"This document discusses various aspects of Science & Research, including latest trends, research, and case studies.",Science & Research
doc212.png,"This document discusses various aspects of Legal & Policy, including latest trends, research, and case studies.",Legal & Policy
doc213.png,"This document discusses various aspects of Medical & Health, including latest trends, research, and case studies.",Medical & Health
doc214.png,"This document discusses various aspects of Technology & Engineering, including latest trends, research, and case studies.",Technology & Engineering
doc215.png,"This document discusses various aspects of Education & Academia, including latest trends, research, and case studies.",Education & Academia
doc216.png,"This document discusses various aspects of Government & Regulations, including latest trends, research, and case studies.",Government & Regulations
doc217.png,"This document discusses various aspects of Marketing & Sales, including latest trends, research, and case studies.",Marketing & Sales
doc218.png,"This document discusses various aspects of Manufacturing & Industry, including latest trends, research, and case studies.",Manufacturing & Industry
doc219.png,"This document discusses various aspects of Entertainment & Media, including latest trends, research, and case studies.",Entertainment & Media
doc220.png,"This document discusses various aspects of Business & Finance, including latest trends, research, and case studies.",Business & Finance
doc221.png,"This document discusses various aspects of Science & Research, including latest trends, research, and case studies.",Science & Research
doc222.png,"This document discusses various aspects of Legal & Policy, including latest trends, research, and case studies.",Legal & Policy
doc223.png,"This document discusses various aspects of Medical & Health, including latest trends, research, and case studies.",Medical & Health
doc224.png,"This document discusses various aspects of Technology & Engineering, including latest trends, research, and case studies.",Technology & Engineering
doc225.png,"This document discusses various aspects of Education & Academia, including latest trends, research, and case studies.",Education & Academia
doc226.png,"This document discusses various aspects of Government & Regulations, including latest trends, research, and case studies.",Government & Regulations
doc227.png,"This document discusses various aspects of Marketing & Sales, including latest trends, research, and case studies.",Marketing & Sales
doc228.png,"This document discusses various aspects of Manufacturing & Industry, including latest trends, research, and case studies.",Manufacturing & Industry
doc229.png,"This document discusses various aspects of Entertainment & Media, including latest trends, research, and case studies.",Entertainment & Media
doc230.png,"This document discusses various aspects of Business & Finance, including latest trends, research, and case studies.",Business & Finance
doc231.png,"This document discusses various aspects of Science & Research, including latest trends, research, and case studies.",Science & Research
doc232.png,"This document discusses various aspects of Legal & Policy, including latest trends, research, and case studies.",Legal & Policy
doc233.png,"This document discusses various aspects of Medical & Health, including latest trends, research, and case studies.",Medical & Health
doc234.png,"This document discusses various aspects of Technology & Engineering, including latest trends, research, and case studies.",Technology & Engineering
doc235.png,"This document discusses various aspects of Education & Academia, including latest trends, research, and case studies.",Education & Academia
doc236.png,"This document discusses various aspects of Government & Regulations, including latest trends, research, and case studies.",Government & Regulations
doc237.png,"This document discusses various aspects of Marketing & Sales, including latest trends, research, and case studies.",Marketing & Sales
doc238.png,"This document discusses various aspects of Manufacturing & Industry, including latest trends, research, and case studies.",Manufacturing & Industry
doc239.png,"This document discusses various aspects of Entertainment & Media, including latest trends, research, and case studies.",Entertainment & Media
doc240.png,"This document discusses various aspects of Business & Finance, including latest trends, research, and case studies.",Business & Finance
doc241.png,"This document discusses various aspects of Science & Research, including latest trends, research, and case studies.",Science & Research
doc242.png,"This document discusses various aspects of Legal & Policy, including latest trends, research, and case studies.",Legal & Policy
doc243.png,"This document discusses various aspects of Medical & Health, including latest trends, research, and case studies.",Medical & Health
doc244.png,"This document discusses various aspects of Technology & Engineering, including latest trends, research, and case studies.",Technology & Engineering
doc245.png,"This document discusses various aspects of Education & Academia, including latest trends, research, and case studies.",Education & Academia
doc246.png,"This document discusses various aspects of Government & Regulations, including latest trends, research, and case studies.",Government & Regulations
doc247.png,"This document discusses various aspects of Marketing & Sales, including latest trends, research, and case studies.",Marketing & Sales
doc248.png,"This document discusses various aspects of Manufacturing & Industry, including latest trends, research, and case studies.",Manufacturing & Industry
doc249.png,"This document discusses various aspects of Entertainment & Media, including latest trends, research, and case studies.",Entertainment & Media
doc250.png,"This document discusses various aspects of Business & Finance, including latest trends, research, and case studies.",Business & Finance
doc251.png,"This document discusses various aspects of Science & Research, including latest trends, research, and case studies.",Science & Research
doc252.png,"This document discusses various aspects of Legal & Policy, including latest trends, research, and case studies.",Legal & Policy
doc253.png,"This document discusses various aspects of Medical & Health, including latest trends, research, and case studies.",Medical & Health
doc254.png,"This document discusses various aspects of Technology & Engineering, including latest trends, research, and case studies.",Technology & Engineering
doc255.png,"This document discusses various aspects of Education & Academia, including latest trends, research, and case studies.",Education & Academia
doc256.png,"This document discusses various aspects of Government & Regulations, including latest trends, research, and case studies.",Government & Regulations
doc257.png,"This document discusses various aspects of Marketing & Sales, including latest trends, research, and case studies.",Marketing & Sales
doc258.png,"This document discusses various aspects of Manufacturing & Industry, including latest trends, research, and case studies.",Manufacturing & Industry
doc259.png,"This document discusses various aspects of Entertainment & Media, including latest trends, research, and case studies.",Entertainment & Media
doc260.png,"This document discusses various aspects of Business & Finance, including latest trends, research, and case studies.",Business & Finance
doc261.png,"This document discusses various aspects of Science & Research, including latest trends, research, and case studies.",Science & Research
doc262.png,"This document discusses various aspects of Legal & Policy, including latest trends, research, and case studies.",Legal & Policy
doc263.png,"This document discusses various aspects of Medical & Health, including latest trends, research, and case studies.",Medical & Health
doc264.png,"This document discusses various aspects of Technology & Engineering, including latest trends, research, and case studies.",Technology & Engineering
doc265.png,"This document discusses various aspects of Education & Academia, including latest trends, research, and case studies.",Education & Academia
doc266.png,"This document discusses various aspects of Government & Regulations, including latest trends, research, and case studies.",Government & Regulations
doc267.png,"This document discusses various aspects of Marketing & Sales, including latest trends, research, and case studies.",Marketing & Sales
doc268.png,"This document discusses various aspects of Manufacturing & Industry, including latest trends, research, and case studies.",Manufacturing & Industry
doc269.png,"This document discusses various aspects of Entertainment & Media, including latest trends, research, and case studies.",Entertainment & Media
doc270.png,"This document discusses various aspects of Business & Finance, including latest trends, research, and case studies.",Business & Finance
doc271.png,"This document discusses various aspects of Science & Research, including latest trends, research, and case studies.",Science & Research
doc272.png,"This document discusses various aspects of Legal & Policy, including latest trends, research, and case studies.",Legal & Policy
doc273.png,"This document discusses various aspects of Medical & Health, including latest trends, research, and case studies.",Medical & Health
doc274.png,"This document discusses various aspects of Technology & Engineering, including latest trends, research, and case studies.",Technology & Engineering
doc275.png,"This document discusses various aspects of Education & Academia, including latest trends, research, and case studies.",Education & Academia
doc276.png,"This document discusses various aspects of Government & Regulations, including latest trends, research, and case studies.",Government & Regulations
doc277.png,"This document discusses various aspects of Marketing & Sales, including latest trends, research, and case studies.",Marketing & Sales
doc278.png,"This document discusses various aspects of Manufacturing & Industry, including latest trends, research, and case studies.",Manufacturing & Industry
doc279.png,"This document discusses various aspects of Entertainment & Media, including latest trends, research, and case studies.",Entertainment & Media
doc280.png,"This document discusses various aspects of Business & Finance, including latest trends, research, and case studies.",Business & Finance
doc281.png,"This document discusses various aspects of Science & Research, including latest trends, research, and case studies.",Science & Research
doc282.png,"This document discusses various aspects of Legal & Policy, including latest trends, research, and case studies.",Legal & Policy
doc283.png,"This document discusses various aspects of Medical & Health, including latest trends, research, and case studies.",Medical & Health
doc284.png,"This document discusses various aspects of Technology & Engineering, including latest trends, research, and case studies.",Technology & Engineering
doc285.png,"This document discusses various aspects of Education & Academia, including latest trends, research, and case studies.",Education & Academia
doc286.png,"This document discusses various aspects of Government & Regulations, including latest trends, research, and case studies.",Government & Regulations
doc287.png,"This document discusses various aspects of Marketing & Sales, including latest trends, research, and case studies.",Marketing & Sales
doc288.png,"This document discusses various aspects of Manufacturing & Industry, including latest trends, research, and case studies.",Manufacturing & Industry
doc289.png,"This document discusses various aspects of Entertainment & Media, including latest trends, research, and case studies.",Entertainment & Media
doc290.png,"This document discusses various aspects of Business & Finance, including latest trends, research, and case studies.",Business & Finance
doc291.png,"This document discusses various aspects of Science & Research, including latest trends, research, and case studies.",Science & Research
doc292.png,"This document discusses various aspects of Legal & Policy, including latest trends, research, and case studies.",Legal & Policy
doc293.png,"This document discusses various aspects of Medical & Health, including latest trends, research, and case studies.",Medical & Health
doc294.png,"This document discusses various aspects of Technology & Engineering, including latest trends, research, and case studies.",Technology & Engineering
doc295.png,"This document discusses various aspects of Education & Academia, including latest trends, research, and case studies.",Education & Academia
doc296.png,"This document discusses various aspects of Government & Regulations, including latest trends, research, and case studies.",Government & Regulations
doc297.png,"This document discusses various aspects of Marketing & Sales, including latest trends, research, and case studies.",Marketing & Sales
doc298.png,"This document discusses various aspects of Manufacturing & Industry, including latest trends, research, and case studies.",Manufacturing & Industry
doc299.png,"This document discusses various aspects of Entertainment & Media, including latest trends, research, and case studies.",Entertainment & Media
doc300.png,"This document discusses various aspects of Business & Finance, including latest trends, research, and case studies.",Business & Finance
doc301.png,"This document discusses various aspects of Science & Research, including latest trends, research, and case studies.",Science & Research
doc302.png,"This document discusses various aspects of Legal & Policy, including latest trends, research, and case studies.",Legal & Policy
doc303.png,"This document discusses various aspects of Medical & Health, including latest trends, research, and case studies.",Medical & Health
doc304.png,"This document discusses various aspects of Technology & Engineering, including latest trends, research, and case studies.",Technology & Engineering
doc305.png,"This document discusses various aspects of Education & Academia, including latest trends, research, and case studies.",Education & Academia
doc306.png,"This document discusses various aspects of Government & Regulations, including latest trends, research, and case studies.",Government & Regulations
doc307.png,"This document discusses various aspects of Marketing & Sales, including latest trends, research, and case studies.",Marketing & Sales
doc308.png,"This document discusses various aspects of Manufacturing & Industry, including latest trends, research, and case studies.",Manufacturing & Industry
doc309.png,"This document discusses various aspects of Entertainment & Media, including latest trends, research, and case studies.",Entertainment & Media
doc310.png,"This document discusses various aspects of Business & Finance, including latest trends, research, and case studies.",Business & Finance
doc311.png,"This document discusses various aspects of Science & Research, including latest trends, research, and case studies.",Science & Research
doc312.png,"This document discusses various aspects of Legal & Policy, including latest trends, research, and case studies.",Legal & Policy
doc313.png,"This document discusses various aspects of Medical & Health, including latest trends, research, and case studies.",Medical & Health
doc314.png,"This document discusses various aspects of Technology & Engineering, including latest trends, research, and case studies.",Technology & Engineering
doc315.png,"This document discusses various aspects of Education & Academia, including latest trends, research, and case studies.",Education & Academia
doc316.png,"This document discusses various aspects of Government & Regulations, including latest trends, research, and case studies.",Government & Regulations
doc317.png,"This document discusses various aspects of Marketing & Sales, including latest trends, research, and case studies.",Marketing & Sales
doc318.png,"This document discusses various aspects of Manufacturing & Industry, including latest trends, research, and case studies.",Manufacturing & Industry
doc319.png,"This document discusses various aspects of Entertainment & Media, including latest trends, research, and case studies.",Entertainment & Media
doc320.png,"This document discusses various aspects of Business & Finance, including latest trends, research, and case studies.",Business & Finance
doc321.png,"This document discusses various aspects of Science & Research, including latest trends, research, and case studies.",Science & Research
doc322.png,"This document discusses various aspects of Legal & Policy, including latest trends, research, and case studies.",Legal & Policy
doc323.png,"This document discusses various aspects of Medical & Health, including latest trends, research, and case studies.",Medical & Health
doc324.png,"This document discusses various aspects of Technology & Engineering, including latest trends, research, and case studies.",Technology & Engineering
doc325.png,"This document discusses various aspects of Education & Academia, including latest trends, research, and case studies.",Education & Academia
doc326.png,"This document discusses various aspects of Government & Regulations, including latest trends, research, and case studies.",Government & Regulations
doc327.png,"This document discusses various aspects of Marketing & Sales, including latest trends, research, and case studies.",Marketing & Sales
doc328.png,"This document discusses various aspects of Manufacturing & Industry, including latest trends, research, and case studies.",Manufacturing & Industry
doc329.png,"This document discusses various aspects of Entertainment & Media, including latest trends, research, and case studies.",Entertainment & Media
doc330.png,"This document discusses various aspects of Business & Finance, including latest trends, research, and case studies.",Business & Finance
doc331.png,"This document discusses various aspects of Science & Research, including latest trends, research, and case studies.",Science & Research
doc332.png,"This document discusses various aspects of Legal & Policy, including latest trends, research, and case studies.",Legal & Policy
doc333.png,"This document discusses various aspects of Medical & Health, including latest trends, research, and case studies.",Medical & Health
doc334.png,"This document discusses various aspects of Technology & Engineering, including latest trends, research, and case studies.",Technology & Engineering
doc335.png,"This document discusses various aspects of Education & Academia, including latest trends, research, and case studies.",Education & Academia
doc336.png,"This document discusses various aspects of Government & Regulations, including latest trends, research, and case studies.",Government & Regulations
doc337.png,"This document discusses various aspects of Marketing & Sales, including latest trends, research, and case studies.",Marketing & Sales
doc338.png,"This document discusses various aspects of Manufacturing & Industry, including latest trends, research, and case studies.",Manufacturing & Industry
doc339.png,"This document discusses various aspects of Entertainment & Media, including latest trends, research, and case studies.",Entertainment & Media
doc340.png,"This document discusses various aspects of Business & Finance, including latest trends, research, and case studies.",Business & Finance
doc341.png,"This document discusses various aspects of Science & Research, including latest trends, research, and case studies.",Science & Research
doc342.png,"This document discusses various aspects of Legal & Policy, including latest trends, research, and case studies.",Legal & Policy
doc343.png,"This document discusses various aspects of Medical & Health, including latest trends, research, and case studies.",Medical & Health
doc344.png,"This document discusses various aspects of Technology & Engineering, including latest trends, research, and case studies.",Technology & Engineering
doc345.png,"This document discusses various aspects of Education & Academia, including latest trends, research, and case studies.",Education & Academia
doc346.png,"This document discusses various aspects of Government & Regulations, including latest trends, research, and case studies.",Government & Regulations
doc347.png,"This document discusses various aspects of Marketing & Sales, including latest trends, research, and case studies.",Marketing & Sales
doc348.png,"This document discusses various aspects of Manufacturing & Industry, including latest trends, research, and case studies.",Manufacturing & Industry
doc349.png,"This document discusses various aspects of Entertainment & Media, including latest trends, research, and case studies.",Entertainment & Media
doc350.png,"This document discusses various aspects of Business & Finance, including latest trends, research, and case studies.",Business & Finance
doc351.png,"This document discusses various aspects of Science & Research, including latest trends, research, and case studies.",Science & Research
doc352.png,"This document discusses various aspects of Legal & Policy, including latest trends, research, and case studies.",Legal & Policy
doc353.png,"This document discusses various aspects of Medical & Health, including latest trends, research, and case studies.",Medical & Health
doc354.png,"This document discusses various aspects of Technology & Engineering, including latest trends, research, and case studies.",Technology & Engineering
doc355.png,"This document discusses various aspects of Education & Academia, including latest trends, research, and case studies.",Education & Academia
doc356.png,"This document discusses various aspects of Government & Regulations, including latest trends, research, and case studies.",Government & Regulations
doc357.png,"This document discusses various aspects of Marketing & Sales, including latest trends, research, and case studies.",Marketing & Sales
doc358.png,"This document discusses various aspects of Manufacturing & Industry, including latest trends, research, and case studies.",Manufacturing & Industry
doc359.png,"This document discusses various aspects of Entertainment & Media, including latest trends, research, and case studies.",Entertainment & Media
doc360.png,"This document discusses various aspects of Business & Finance, including latest trends, research, and case studies.",Business & Finance
doc361.png,"This document discusses various aspects of Science & Research, including latest trends, research, and case studies.",Science & Research
doc362.png,"This document discusses various aspects of Legal & Policy, including latest trends, research, and case studies.",Legal & Policy
doc363.png,"This document discusses various aspects of Medical & Health, including latest trends, research, and case studies.",Medical & Health
doc364.png,"This document discusses various aspects of Technology & Engineering, including latest trends, research, and case studies.",Technology & Engineering
doc365.png,"This document discusses various aspects of Education & Academia, including latest trends, research, and case studies.",Education & Academia
doc366.png,"This document discusses various aspects of Government & Regulations, including latest trends, research, and case studies.",Government & Regulations
doc367.png,"This document discusses various aspects of Marketing & Sales, including latest trends, research, and case studies.",Marketing & Sales
doc368.png,"This document discusses various aspects of Manufacturing & Industry, including latest trends, research, and case studies.",Manufacturing & Industry
doc369.png,"This document discusses various aspects of Entertainment & Media, including latest trends, research, and case studies.",Entertainment & Media
doc370.png,"This document discusses various aspects of Business & Finance, including latest trends, research, and case studies.",Business & Finance
doc371.png,"This document discusses various aspects of Science & Research, including latest trends, research, and case studies.",Science & Research
doc372.png,"This document discusses various aspects of Legal & Policy, including latest trends, research, and case studies.",Legal & Policy
doc373.png,"This document discusses various aspects of Medical & Health, including latest trends, research, and case studies.",Medical & Health
doc374.png,"This document discusses various aspects of Technology & Engineering, including latest trends, research, and case studies.",Technology & Engineering
doc375.png,"This document discusses various aspects of Education & Academia, including latest trends, research, and case studies.",Education & Academia
doc376.png,"This document discusses various aspects of Government & Regulations, including latest trends, research, and case studies.",Government & Regulations
doc377.png,"This document discusses various aspects of Marketing & Sales, including latest trends, research, and case studies.",Marketing & Sales
doc378.png,"This document discusses various aspects of Manufacturing & Industry, including latest trends, research, and case studies.",Manufacturing & Industry
doc379.png,"This document discusses various aspects of Entertainment & Media, including latest trends, research, and case studies.",Entertainment & Media
doc380.png,"This document discusses various aspects of Business & Finance, including latest trends, research, and case studies.",Business & Finance
doc381.png,"This document discusses various aspects of Science & Research, including latest trends, research, and case studies.",Science & Research
doc382.png,"This document discusses various aspects of Legal & Policy, including latest trends, research, and case studies.",Legal & Policy
doc383.png,"This document discusses various aspects of Medical & Health, including latest trends, research, and case studies.",Medical & Health
doc384.png,"This document discusses various aspects of Technology & Engineering, including latest trends, research, and case studies.",Technology & Engineering
doc385.png,"This document discusses various aspects of Education & Academia, including latest trends, research, and case studies.",Education & Academia
doc386.png,"This document discusses various aspects of Government & Regulations, including latest trends, research, and case studies.",Government & Regulations
doc387.png,"This document discusses various aspects of Marketing & Sales, including latest trends, research, and case studies.",Marketing & Sales
doc388.png,"This document discusses various aspects of Manufacturing & Industry, including latest trends, research, and case studies.",Manufacturing & Industry
doc389.png,"This document discusses various aspects of Entertainment & Media, including latest trends, research, and case studies.",Entertainment & Media
doc390.png,"This document discusses various aspects of Business & Finance, including latest trends, research, and case studies.",Business & Finance
doc391.png,"This document discusses various aspects of Science & Research, including latest trends, research, and case studies.",Science & Research
doc392.png,"This document discusses various aspects of Legal & Policy, including latest trends, research, and case studies.",Legal & Policy
doc393.png,"This document discusses various aspects of Medical & Health, including latest trends, research, and case studies.",Medical & Health
doc394.png,"This document discusses various aspects of Technology & Engineering, including latest trends, research, and case studies.",Technology & Engineering
doc395.png,"This document discusses various aspects of Education & Academia, including latest trends, research, and case studies.",Education & Academia
doc396.png,"This document discusses various aspects of Government & Regulations, including latest trends, research, and case studies.",Government & Regulations
doc397.png,"This document discusses various aspects of Marketing & Sales, including latest trends, research, and case studies.",Marketing & Sales
doc398.png,"This document discusses various aspects of Manufacturing & Industry, including latest trends, research, and case studies.",Manufacturing & Industry
doc399.png,"This document discusses various aspects of Entertainment & Media, including latest trends, research, and case studies.",Entertainment & Media
doc400.png,"This document discusses various aspects of Business & Finance, including latest trends, research, and case studies.",Business & Finance
doc401.png,"This document discusses various aspects of Science & Research, including latest trends, research, and case studies.",Science & Research
doc402.png,"This document discusses various aspects of Legal & Policy, including latest trends, research, and case studies.",Legal & Policy
doc403.png,"This document discusses various aspects of Medical & Health, including latest trends, research, and case studies.",Medical & Health
doc404.png,"This document discusses various aspects of Technology & Engineering, including latest trends, research, and case studies.",Technology & Engineering
doc405.png,"This document discusses various aspects of Education & Academia, including latest trends, research, and case studies.",Education & Academia
doc406.png,"This document discusses various aspects of Government & Regulations, including latest trends, research, and case studies.",Government & Regulations
doc407.png,"This document discusses various aspects of Marketing & Sales, including latest trends, research, and case studies.",Marketing & Sales
doc408.png,"This document discusses various aspects of Manufacturing & Industry, including latest trends, research, and case studies.",Manufacturing & Industry
doc409.png,"This document discusses various aspects of Entertainment & Media, including latest trends, research, and case studies.",Entertainment & Media
doc410.png,"This document discusses various aspects of Business & Finance, including latest trends, research, and case studies.",Business & Finance
doc411.png,"This document discusses various aspects of Science & Research, including latest trends, research, and case studies.",Science & Research
doc412.png,"This document discusses various aspects of Legal & Policy, including latest trends, research, and case studies.",Legal & Policy
doc413.png,"This document discusses various aspects of Medical & Health, including latest trends, research, and case studies.",Medical & Health
doc414.png,"This document discusses various aspects of Technology & Engineering, including latest trends, research, and case studies.",Technology & Engineering
doc415.png,"This document discusses various aspects of Education & Academia, including latest trends, research, and case studies.",Education & Academia
doc416.png,"This document discusses various aspects of Government & Regulations, including latest trends, research, and case studies.",Government & Regulations
doc417.png,"This document discusses various aspects of Marketing & Sales, including latest trends, research, and case studies.",Marketing & Sales
doc418.png,"This document discusses various aspects of Manufacturing & Industry, including latest trends, research, and case studies.",Manufacturing & Industry
doc419.png,"This document discusses various aspects of Entertainment & Media, including latest trends, research, and case studies.",Entertainment & Media
doc420.png,"This document discusses various aspects of Business & Finance, including latest trends, research, and case studies.",Business & Finance
doc421.png,"This document discusses various aspects of Science & Research, including latest trends, research, and case studies.",Science & Research
doc422.png,"This document discusses various aspects of Legal & Policy, including latest trends, research, and case studies.",Legal & Policy
doc423.png,"This document discusses various aspects of Medical & Health, including latest trends, research, and case studies.",Medical & Health
doc424.png,"This document discusses various aspects of Technology & Engineering, including latest trends, research, and case studies.",Technology & Engineering
doc425.png,"This document discusses various aspects of Education & Academia, including latest trends, research, and case studies.",Education & Academia
doc426.png,"This document discusses various aspects of Government & Regulations, including latest trends, research, and case studies.",Government & Regulations
doc427.png,"This document discusses various aspects of Marketing & Sales, including latest trends, research, and case studies.",Marketing & Sales
doc428.png,"This document discusses various aspects of Manufacturing & Industry, including latest trends, research, and case studies.",Manufacturing & Industry
doc429.png,"This document discusses various aspects of Entertainment & Media, including latest trends, research, and case studies.",Entertainment & Media
doc430.png,"This document discusses various aspects of Business & Finance, including latest trends, research, and case studies.",Business & Finance
doc431.png,"This document discusses various aspects of Science & Research, including latest trends, research, and case studies.",Science & Research
doc432.png,"This document discusses various aspects of Legal & Policy, including latest trends, research, and case studies.",Legal & Policy
doc433.png,"This document discusses various aspects of Medical & Health, including latest trends, research, and case studies.",Medical & Health
doc434.png,"This document discusses various aspects of Technology & Engineering, including latest trends, research, and case studies.",Technology & Engineering
doc435.png,"This document discusses various aspects of Education & Academia, including latest trends, research, and case studies.",Education & Academia
doc436.png,"This document discusses various aspects of Government & Regulations, including latest trends, research, and case studies.",Government & Regulations
doc437.png,"This document discusses various aspects of Marketing & Sales, including latest trends, research, and case studies.",Marketing & Sales
doc438.png,"This document discusses various aspects of Manufacturing & Industry, including latest trends, research, and case studies.",Manufacturing & Industry
doc439.png,"This document discusses various aspects of Entertainment & Media, including latest trends, research, and case studies.",Entertainment & Media
doc440.png,"This document discusses various aspects of Business & Finance, including latest trends, research, and case studies.",Business & Finance
doc441.png,"This document discusses various aspects of Science & Research, including latest trends, research, and case studies.",Science & Research
doc442.png,"This document discusses various aspects of Legal & Policy, including latest trends, research, and case studies.",Legal & Policy
doc443.png,"This document discusses various aspects of Medical & Health, including latest trends, research, and case studies.",Medical & Health
doc444.png,"This document discusses various aspects of Technology & Engineering, including latest trends, research, and case studies.",Technology & Engineering
doc445.png,"This document discusses various aspects of Education & Academia, including latest trends, research, and case studies.",Education & Academia
doc446.png,"This document discusses various aspects of Government & Regulations, including latest trends, research, and case studies.",Government & Regulations
doc447.png,"This document discusses various aspects of Marketing & Sales, including latest trends, research, and case studies.",Marketing & Sales
doc448.png,"This document discusses various aspects of Manufacturing & Industry, including latest trends, research, and case studies.",Manufacturing & Industry
doc449.png,"This document discusses various aspects of Entertainment & Media, including latest trends, research, and case studies.",Entertainment & Media
doc450.png,"This document discusses various aspects of Business & Finance, including latest trends, research, and case studies.",Business & Finance
doc451.png,"This document discusses various aspects of Science & Research, including latest trends, research, and case studies.",Science & Research
doc452.png,"This document discusses various aspects of Legal & Policy, including latest trends, research, and case studies.",Legal & Policy
doc453.png,"This document discusses various aspects of Medical & Health, including latest trends, research, and case studies.",Medical & Health
doc454.png,"This document discusses various aspects of Technology & Engineering, including latest trends, research, and case studies.",Technology & Engineering
doc455.png,"This document discusses various aspects of Education & Academia, including latest trends, research, and case studies.",Education & Academia
doc456.png,"This document discusses various aspects of Government & Regulations, including latest trends, research, and case studies.",Government & Regulations
doc457.png,"This document discusses various aspects of Marketing & Sales, including latest trends, research, and case studies.",Marketing & Sales
doc458.png,"This document discusses various aspects of Manufacturing & Industry, including latest trends, research, and case studies.",Manufacturing & Industry
doc459.png,"This document discusses various aspects of Entertainment & Media, including latest trends, research, and case studies.",Entertainment & Media
doc460.png,"This document discusses various aspects of Business & Finance, including latest trends, research, and case studies.",Business & Finance
doc461.png,"This document discusses various aspects of Science & Research, including latest trends, research, and case studies.",Science & Research
doc462.png,"This document discusses various aspects of Legal & Policy, including latest trends, research, and case studies.",Legal & Policy
doc463.png,"This document discusses various aspects of Medical & Health, including latest trends, research, and case studies.",Medical & Health
doc464.png,"This document discusses various aspects of Technology & Engineering, including latest trends, research, and case studies.",Technology & Engineering
doc465.png,"This document discusses various aspects of Education & Academia, including latest trends, research, and case studies.",Education & Academia
doc466.png,"This document discusses various aspects of Government & Regulations, including latest trends, research, and case studies.",Government & Regulations
doc467.png,"This document discusses various aspects of Marketing & Sales, including latest trends, research, and case studies.",Marketing & Sales
doc468.png,"This document discusses various aspects of Manufacturing & Industry, including latest trends, research, and case studies.",Manufacturing & Industry
doc469.png,"This document discusses various aspects of Entertainment & Media, including latest trends, research, and case studies.",Entertainment & Media
doc470.png,"This document discusses various aspects of Business & Finance, including latest trends, research, and case studies.",Business & Finance
doc471.png,"This document discusses various aspects of Science & Research, including latest trends, research, and case studies.",Science & Research
doc472.png,"This document discusses various aspects of Legal & Policy, including latest trends, research, and case studies.",Legal & Policy
doc473.png,"This document discusses various aspects of Medical & Health, including latest trends, research, and case studies.",Medical & Health
doc474.png,"This document discusses various aspects of Technology & Engineering, including latest trends, research, and case studies.",Technology & Engineering
doc475.png,"This document discusses various aspects of Education & Academia, including latest trends, research, and case studies.",Education & Academia
doc476.png,"This document discusses various aspects of Government & Regulations, including latest trends, research, and case studies.",Government & Regulations
doc477.png,"This document discusses various aspects of Marketing & Sales, including latest trends, research, and case studies.",Marketing & Sales
doc478.png,"This document discusses various aspects of Manufacturing & Industry, including latest trends, research, and case studies.",Manufacturing & Industry
doc479.png,"This document discusses various aspects of Entertainment & Media, including latest trends, research, and case studies.",Entertainment & Media
doc480.png,"This document discusses various aspects of Business & Finance, including latest trends, research, and case studies.",Business & Finance
doc481.png,"This document discusses various aspects of Science & Research, including latest trends, research, and case studies.",Science & Research
doc482.png,"This document discusses various aspects of Legal & Policy, including latest trends, research, and case studies.",Legal & Policy
doc483.png,"This document discusses various aspects of Medical & Health, including latest trends, research, and case studies.",Medical & Health
doc484.png,"This document discusses various aspects of Technology & Engineering, including latest trends, research, and case studies.",Technology & Engineering
doc485.png,"This document discusses various aspects of Education & Academia, including latest trends, research, and case studies.",Education & Academia
doc486.png,"This document discusses various aspects of Government & Regulations, including latest trends, research, and case studies.",Government & Regulations
doc487.png,"This document discusses various aspects of Marketing & Sales, including latest trends, research, and case studies.",Marketing & Sales
doc488.png,"This document discusses various aspects of Manufacturing & Industry, including latest trends, research, and case studies.",Manufacturing & Industry
doc489.png,"This document discusses various aspects of Entertainment & Media, including latest trends, research, and case studies.",Entertainment & Media
doc490.png,"This document discusses various aspects of Business & Finance, including latest trends, research, and case studies.",Business & Finance
doc491.png,"This document discusses various aspects of Science & Research, including latest trends, research, and case studies.",Science & Research
doc492.png,"This document discusses various aspects of Legal & Policy, including latest trends, research, and case studies.",Legal & Policy
doc493.png,"This document discusses various aspects of Medical & Health, including latest trends, research, and case studies.",Medical & Health
doc494.png,"This document discusses various aspects of Technology & Engineering, including latest trends, research, and case studies.",Technology & Engineering
doc495.png,"This document discusses various aspects of Education & Academia, including latest trends, research, and case studies.",Education & Academia
doc496.png,"This document discusses various aspects of Government & Regulations, including latest trends, research, and case studies.",Government & Regulations
doc497.png,"This document discusses various aspects of Marketing & Sales, including latest trends, research, and case studies.",Marketing & Sales
doc498.png,"This document discusses various aspects of Manufacturing & Industry, including latest trends, research, and case studies.",Manufacturing & Industry
doc499.png,"This document discusses various aspects of Entertainment & Media, including latest trends, research, and case studies.",Entertainment & Media
doc500.png,"This document discusses various aspects of Business & Finance, including latest trends, research, and case studies.",Business & Finance
